Sl No,City Name
1,New York
2,Los Angeles
3,Chicago
4,Houston
5,Phoenix
6,Philadelphia
7,San Antonio
8,San Diego
9,Dallas
10,San Jose
11,Austin
12,Jacksonville
13,Fort Worth
14,Columbus
15,Indianapolis
16,Charlotte
17,San Francisco
18,Seattle
19,Denver
20,Washington
21,Nashville
22,Oklahoma City
23,El Paso
24,Boston
25,Portland
26,Las Vegas
27,Detroit
28,Memphis
29,Louisville
30,Baltimore
31,Milwaukee
32,Albuquerque
33,Tucson
34,Fresno
35,Sacramento
36,Kansas City
37,Mesa
38,Atlanta
39,Omaha
40,Colorado Springs
41,Raleigh
42,Long Beach
43,Virginia Beach
44,Miami
45,Oakland
46,Minneapolis
47,Tulsa
48,Bakersfield
49,Wichita
50,Arlington
51,Aurora
52,Tampa
53,New Orleans
54,Cleveland
55,Honolulu
56,Anaheim
57,Lexington
58,Stockton
59,Corpus Christi
60,Henderson
61,Riverside
62,Newark
63,Saint Paul
64,Santa Ana
65,Cincinnati
66,Irvine
67,Orlando
68,Pittsburgh
69,St. Louis
70,Greensboro
71,Jersey City
72,Anchorage
73,Lincoln
74,Plano
75,Durham
76,Buffalo
77,Chandler
78,Chula Vista
79,Toledo
80,Madison
81,Gilbert
82,Reno
83,Fort Wayne
84,North Las Vegas
85,St. Petersburg
86,Lubbock
87,Irving
88,Laredo
89,Winstonâ€“Salem
90,Chesapeake
91,Glendale
92,Garland
93,Scottsdale
94,Norfolk
95,Boise
96,Fremont
97,Spokane
98,Santa Clarita
99,Baton Rouge
100,Richmond
101,Hialeah
102,San Bernardino
103,Tacoma
104,Modesto
105,Huntsville
106,Des Moines
107,Yonkers
108,Rochester
109,Moreno Valley
110,Fayetteville
111,Fontana
112,Columbus
113,Worcester
114,Port St. Lucie
115,Little Rock
116,Augusta
117,Oxnard
118,Birmingham
119,Montgomery
120,Frisco
121,Amarillo
122,Salt Lake City
123,Grand Rapids
124,Huntington Beach
125,Overland Park
126,Glendale
127,Tallahassee
128,Grand Prairie
129,McKinney
130,Cape Coral
131,Sioux Falls
132,Peoria
133,Providence
134,Vancouver
135,Knoxville
136,Akron
137,Shreveport
138,Mobile
139,Brownsville
140,Newport News
141,Fort Lauderdale
142,Chattanooga
143,Tempe
144,Aurora
145,Santa Rosa
146,Eugene
147,Elk Grove
148,Salem
149,Ontario
150,Cary
151,Rancho Cucamonga
152,Oceanside
153,Lancaster
154,Garden Grove
155,Pembroke Pines
156,Fort Collins
157,Palmdale
158,Springfield
159,Clarksville
160,Salinas
161,Hayward
162,Paterson
163,Alexandria
164,Macon
165,Corona
166,Kansas City
167,Lakewood
168,Springfield
169,Sunnyvale
170,Jackson
171,Killeen
172,Hollywood
173,Murfreesboro
174,Pasadena
175,Bellevue
176,Pomona
177,Escondido
178,Joliet
179,Charleston
180,Mesquite
181,Naperville
182,Rockford
183,Bridgeport
184,Syracuse
185,Savannah
186,Roseville
187,Torrance
188,Fullerton
189,Surprise
190,McAllen
191,Thornton
192,Visalia
193,Olathe
194,Gainesville
195,West Valley City
196,Orange
197,Denton
198,Warren
199,Pasadena
200,Waco
201,Cedar Rapids
202,Dayton
203,Elizabeth
204,Hampton
205,Columbia
206,Kent
207,Stamford
208,Lakewood
209,Victorville
210,Miramar
211,Coral Springs
212,Sterling Heights
213,New Haven
214,Carrollton
215,Midland
216,Norman
217,Santa Clara
218,Athens
219,Thousand Oaks
220,Topeka
221,Simi Valley
222,Columbia
223,Vallejo
224,Fargo
225,Allentown
226,Pearland
227,Concord
228,Abilene
229,Arvada
230,Berkeley
231,Ann Arbor
232,Independence
233,Rochester
234,Lafayette
235,Hartford
236,College Station
237,Clovis
238,Fairfield
239,Palm Bay
240,Richardson
241,Round Rock
242,Cambridge
243,Meridian
244,West Palm Beach
245,Evansville
246,Clearwater
247,Billings
248,West Jordan
249,Richmond